customerID,tenure,MonthlyCharges,Churn_Probability,Expected_Revenue_Loss
1001,1,70,0.6666667,280.00000834465027
1002,24,55,0.6666667,220.00000655651093
1003,12,90,0.6666667,360.00001072883606
1004,60,40,0.6666667,160.00000476837158
1005,6,80,0.6666667,320.00000953674316
1006,36,65,0.6666667,260.0000077486038
1007,2,95,0.6666667,380.0000113248825
1008,48,45,0.6666667,180.00000536441803
